video_id,positive,negative,neutral,score,likeCount,comment_count,category_Autos & Vehicles,category_Comedy,category_Education,category_Entertainment,category_Film & Animation,category_Gaming,category_Howto & Style,category_Music,category_News & Politics,category_Nonprofits & Activism,category_People & Blogs,category_Pets & Animals,category_Science & Technology,category_Sports,category_Travel & Events,cluster
#NAME?,0.3993174061433447,0.1757679180887372,0.4249146757679181,0.7719628074488055,3763,586,False,False,False,False,False,False,False,False,False,False,False,False,True,False,False,12
-055GvEU7f0,0.37735849056603776,0.25471698113207547,0.36792452830188677,0.7433763031037736,9205,106,False,False,False,False,False,False,False,False,False,False,False,False,True,False,False,1
0IcrxnfuhuU,0.2644628099173554,0.05785123966942149,0.6776859504132231,0.7868977642314049,593,121,False,False,True,False,False,False,False,False,False,False,False,False,False,False,False,0
0_jijF9hKW4,0.24050632911392406,0.45569620253164556,0.3037974683544304,0.7310641685316456,26,158,False,False,False,False,False,False,False,False,False,False,True,False,False,False,False,2
0bxOtkWIbGs,0.5,0.0,0.5,0.7721631824999999,4,2,False,False,False,True,False,False,False,False,False,False,False,False,False,False,False,11
0lovEQfzwQg,0.3167701863354037,0.2422360248447205,0.4409937888198758,0.7137601295962733,1046,161,False,False,False,False,False,False,False,False,False,False,False,False,True,False,False,1
0n29H1x5o0A,0.22012578616352202,0.2578616352201258,0.5220125786163522,0.6909744582075472,1033,159,False,False,False,False,False,False,False,False,False,False,False,False,False,True,False,4
0pXkOUIoxO0,0.5945945945945946,0.08108108108108109,0.32432432432432434,0.7844142454864865,49,37,False,False,False,False,False,False,False,False,False,False,False,False,False,True,False,4
1-JKH9gayZE,0.2222222222222222,0.22916666666666666,0.5486111111111112,0.7300748688958333,160,144,False,False,False,False,False,False,True,False,False,False,False,False,False,False,False,9
1-s-xpgT7EE,0.2777777777777778,0.25925925925925924,0.46296296296296297,0.75100610075,5,108,False,False,False,False,False,False,False,False,False,False,False,False,False,True,False,4
1EF0VOd3WGA,0.373015873015873,0.30158730158730157,0.3253968253968254,0.8128202044444444,5041,126,False,False,False,False,False,False,False,True,False,False,False,False,False,False,False,5
1LZ2d0ibVgA,0.5728155339805825,0.0970873786407767,0.3300970873786408,0.8580610761359223,86,103,False,False,False,False,False,False,False,False,False,False,False,False,False,False,True,8
1Nef8LPO-jo,0.09826589595375723,0.3583815028901734,0.5433526011560693,0.7075367449248555,15,173,False,False,False,False,False,False,False,False,False,False,False,False,True,False,False,1
1Ql2ZNhUBzc,0.45714285714285713,0.12,0.4228571428571429,0.79404212,25,175,False,False,False,False,False,False,False,False,False,False,True,False,False,False,False,2
1SQLXUH4JSc,0.8260869565217391,0.0,0.17391304347826086,0.8609619464347825,83,23,False,False,False,False,False,False,False,True,False,False,False,False,False,False,False,5
1af7esCt-Yc,0.48623853211009177,0.11926605504587157,0.3944954128440367,0.7716149896146789,10,109,False,False,False,False,False,False,False,False,False,False,False,False,False,True,False,4
1e_KgK1TI48,0.2537313432835821,0.2537313432835821,0.4925373134328358,0.6989352106940299,22,134,False,False,False,True,False,False,False,False,False,False,False,False,False,False,False,11
1or_QwXE4YE,0.16891891891891891,0.25,0.581081081081081,0.697168173,22,148,False,False,False,False,False,False,False,False,False,False,False,False,True,False,False,1
1yf7OzfPFiY,0.16911764705882354,0.21323529411764705,0.6176470588235294,0.750454904382353,4772,136,False,False,False,False,False,False,False,False,False,False,False,False,False,True,False,4
2-67twDuY-Q,0.18840579710144928,0.30434782608695654,0.5072463768115942,0.7095532203550725,10,138,False,False,False,False,False,True,False,False,False,False,False,False,False,False,False,3
29zyVX_iyHc,0.6170212765957447,0.09219858156028368,0.2907801418439716,0.8172845003475178,25,141,False,False,False,False,False,False,False,True,False,False,False,False,False,False,False,5
2C6omXxIcyE,0.8766233766233766,0.032467532467532464,0.09090909090909091,0.898781679935065,18066,154,False,False,False,False,False,True,False,False,False,False,False,False,False,False,False,12
2F6YD_xBi-4,0.4186046511627907,0.32558139534883723,0.2558139534883721,0.7324109944186046,432,43,False,False,False,False,False,False,False,False,False,False,True,False,False,False,False,2
2GPQWRNar70,0.2619047619047619,0.3273809523809524,0.4107142857142857,0.7108180856369047,747,168,False,False,False,False,False,False,False,False,False,False,False,False,False,True,False,4
2IwDo6RiCCM,0.22727272727272727,0.21212121212121213,0.5606060606060606,0.7033993832575758,318,66,False,False,False,False,False,True,False,False,False,False,False,False,False,False,False,3
2JO4N6S3YgQ,0.19642857142857142,0.29464285714285715,0.5089285714285714,0.7062249588125,77,112,False,False,False,False,False,False,False,False,False,False,True,False,False,False,False,2
2NIisLBEL1Y,0.5925925925925926,0.07407407407407407,0.3333333333333333,0.7638013671851852,102,27,False,False,False,False,False,False,False,True,False,False,False,False,False,False,False,5
2XACBzE-GRs,0.10638297872340426,0.2695035460992908,0.624113475177305,0.7256274191418439,17,141,False,False,False,False,False,False,False,False,False,False,False,False,False,True,False,4
364arFEPTBQ,0.18579234972677597,0.46994535519125685,0.3442622950819672,0.7068666187213115,9,183,False,False,True,False,False,False,False,False,False,False,False,False,False,False,False,0
3cWm9B_0_kI,0.40384615384615385,0.04807692307692308,0.5480769230769231,0.7362032266057692,21,104,False,False,False,True,False,False,False,False,False,False,False,False,False,False,False,11
3iAiWIytqdw,0.8325123152709359,0.029556650246305417,0.13793103448275862,0.8928204624679803,42,203,False,False,False,False,False,False,False,True,False,False,False,False,False,False,False,5
3ohHqYF7a5w,0.15483870967741936,0.27741935483870966,0.567741935483871,0.6896414648967741,17,155,False,False,False,False,False,False,False,False,False,False,False,False,False,True,False,4
3tLMuiu7tWc,0.8495575221238938,0.02654867256637168,0.12389380530973451,0.8982542099115044,356,113,False,False,False,False,False,False,False,True,False,False,False,False,False,False,False,5
3zF2ZwLU_eI,0.12631578947368421,0.48947368421052634,0.38421052631578945,0.6920768411421052,19,190,False,False,True,False,False,False,False,False,False,False,False,False,False,False,False,0
42SSxQy61Zc,0.24761904761904763,0.0380952380952381,0.7142857142857143,0.7709888920761905,8,105,False,False,False,False,False,True,False,False,False,False,False,False,False,False,False,3
49zasZugNlg,0.6382978723404256,0.05319148936170213,0.30851063829787234,0.8660469318404255,247,94,False,False,False,True,False,False,False,False,False,False,False,False,False,False,False,11
4WDmP0L_z9U,0.0,0.0,1.0,0.749845445,0,1,False,False,False,False,False,False,False,False,False,False,False,False,True,False,False,12
4ytoM4ob2Dg,0.09202453987730061,0.5521472392638037,0.3558282208588957,0.7449758809570552,35,163,False,False,False,False,False,False,False,False,False,False,True,False,False,False,False,2
5HYPRF8ZPqQ,0.15286624203821655,0.4012738853503185,0.445859872611465,0.7232852276178344,12,157,False,False,False,False,False,False,False,False,False,False,True,False,False,False,False,2
5MWc0KctWF4,0.4588235294117647,0.16470588235294117,0.3764705882352941,0.7510608325882353,244,85,False,False,True,False,False,False,False,False,False,False,False,False,False,False,False,0
5MZEe2-8vKQ,0.17073170731707318,0.5060975609756098,0.3231707317073171,0.7166887185426829,3848,164,False,False,False,False,False,False,False,False,False,False,False,False,True,False,False,1
5fKkXFresYI,0.34523809523809523,0.20238095238095238,0.4523809523809524,0.7008472707678571,16,168,False,False,False,False,False,False,False,False,False,False,False,False,True,False,False,1
5gSC-UQHefY,0.3958333333333333,0.22916666666666666,0.375,0.7031933380000001,784,48,False,False,False,False,False,False,False,False,False,False,True,False,False,False,False,2
5lk8IRDsnOs,0.23423423423423423,0.27927927927927926,0.4864864864864865,0.7200588849819819,49,111,False,False,False,False,False,False,False,False,False,False,True,False,False,False,False,2
5rtUBGbhVpg,0.27184466019417475,0.13592233009708737,0.5922330097087378,0.7429989364951456,49,103,False,False,False,False,False,False,False,False,False,False,False,False,False,True,False,4
5sltyRKi0sQ,0.11194029850746269,0.4552238805970149,0.43283582089552236,0.7061303233432836,34,134,False,False,False,True,False,False,False,False,False,False,False,False,False,False,False,11
5upVC6YzQCE,0.19186046511627908,0.23255813953488372,0.5755813953488372,0.6934428568662792,8472,172,False,False,False,False,False,False,False,False,False,False,False,False,True,False,False,1
65_lgEQlxCs,0.30718954248366015,0.20261437908496732,0.49019607843137253,0.7736398246405228,215,153,False,False,False,False,False,False,False,False,False,False,True,False,False,False,False,2
69lvD0Myk6Y,0.0,0.3333333333333333,0.6666666666666666,0.5880529483333333,2,3,False,False,False,False,False,False,False,False,True,False,False,False,False,False,False,6
6B9FiV79qfg,0.38181818181818183,0.13636363636363635,0.4818181818181818,0.7977561403181819,19,110,False,False,True,False,False,False,False,False,False,False,False,False,False,False,False,0
6QL0c5BbCR4,0.14534883720930233,0.5406976744186046,0.313953488372093,0.7422789749244185,193,172,False,False,False,True,False,False,False,False,False,False,False,False,False,False,False,11
6Z5CEE25QH8,0.8415841584158416,0.0,0.15841584158415842,0.8946092281980198,6812,101,False,False,False,False,False,False,False,True,False,False,False,False,False,False,False,5
6ZgG7cuEMm0,0.16176470588235295,0.14705882352941177,0.6911764705882353,0.7084971201323529,3315,68,False,False,False,False,False,False,False,False,False,False,False,False,False,True,False,4
6cUxgcKD1zk,0.23076923076923078,0.22377622377622378,0.5454545454545454,0.7363705001538462,16,143,False,False,False,True,False,False,False,False,False,False,False,False,False,False,False,11
6ngdKVfrecc,0.32142857142857145,0.21428571428571427,0.4642857142857143,0.7242301020928571,29,140,False,False,True,False,False,False,False,False,False,False,False,False,False,False,False,0
7-JpPgXzia4,0.9090909090909091,0.0,0.09090909090909091,0.9084671590909091,258,66,False,False,False,False,False,False,False,True,False,False,False,False,False,False,False,5
7KVvmMv22oI,0.5984848484848485,0.09848484848484848,0.30303030303030304,0.7783406747045455,1777,132,False,False,False,False,False,False,False,False,False,False,False,False,False,False,True,8
7NwNp-XGbGU,0.09821428571428571,0.24107142857142858,0.6607142857142857,0.7304296030446429,4473,112,False,False,False,False,False,False,False,False,False,False,True,False,False,False,False,2
7SaA8vpTRi0,0.20155038759689922,0.20155038759689922,0.5968992248062015,0.7156691036124031,2766,129,False,False,False,False,False,True,False,False,False,False,False,False,False,False,False,3
7djQsPAGIxc,0.7523809523809524,0.06666666666666667,0.18095238095238095,0.8549420748571429,80,105,False,False,False,False,False,False,False,True,False,False,False,False,False,False,False,5
7kyHvPNbugk,0.44805194805194803,0.2922077922077922,0.24675324675324675,0.8166345573571429,2463,154,False,False,False,False,False,False,False,True,False,False,False,False,False,False,False,5
7mnrxufqC5M,0.3712574850299401,0.38922155688622756,0.23952095808383234,0.7833749184371257,10,167,False,False,False,False,False,False,False,False,False,False,True,False,False,False,False,2
7uFrtqSwYzM,0.125,0.3958333333333333,0.4791666666666667,0.6864943088333333,54,48,False,False,False,False,False,False,False,False,False,False,False,False,True,False,False,1
8I7A-aJ0Ne8,0.15384615384615385,0.3668639053254438,0.47928994082840237,0.6885921143846153,19,169,False,False,False,False,False,False,False,False,False,False,False,False,False,True,False,4
8JpNp5L3MG8,0.17647058823529413,0.5126050420168067,0.31092436974789917,0.7388683387058823,97,119,False,False,False,False,False,False,False,False,False,False,True,False,False,False,False,2
8LsGS8fe7fE,0.25,0.3048780487804878,0.4451219512195122,0.7348539045914634,80,164,False,False,False,False,False,False,False,False,False,False,True,False,False,False,False,2
8Rx0YvNMwrY,0.13934426229508196,0.13114754098360656,0.7295081967213115,0.6683896154672131,8,122,False,False,False,False,False,False,False,False,False,False,False,False,False,True,False,4
8VKnI2h6180,0.1744186046511628,0.27325581395348836,0.5523255813953488,0.715001194872093,32,172,False,False,True,False,False,False,False,False,False,False,False,False,False,False,False,0
8ZwhtDXhzUc,0.46153846153846156,0.13846153846153847,0.4,0.7992735876307692,2941,130,False,False,False,False,False,True,False,False,False,False,False,False,False,False,False,3
8cU0SwGI1J8,0.6,0.09523809523809523,0.3047619047619048,0.8206977988952381,24,105,False,False,False,False,False,False,False,True,False,False,False,False,False,False,False,5
8pq9DqfAAM4,0.3125,0.1597222222222222,0.5277777777777778,0.7562844899930555,722,144,False,False,False,False,False,False,True,False,False,False,False,False,False,False,False,9
93iYl0f4mzc,0.10471204188481675,0.6544502617801047,0.24083769633507854,0.7424312121465968,108,191,False,True,False,False,False,False,False,False,False,False,False,False,False,False,False,7
9EN-gcytgNg,0.11049723756906077,0.4972375690607735,0.39226519337016574,0.6775746503425414,17,181,False,False,False,False,False,True,False,False,False,False,False,False,False,False,False,3
9MOXzxoaWio,0.2,0.3,0.5,0.769216728,167,10,False,False,False,False,False,False,False,False,False,False,True,False,False,False,False,2
9Me-OzXuSMo,0.3710691823899371,0.1949685534591195,0.4339622641509434,0.729717103918239,61,159,False,False,False,False,False,False,False,False,False,False,True,False,False,False,False,2
9Synr6Pz6Ms,0.24848484848484848,0.1696969696969697,0.5818181818181818,0.7752617732909091,3860,165,False,False,False,False,False,True,False,False,False,False,False,False,False,False,False,3
9UMT-_V_UdA,0.6470588235294118,0.10784313725490197,0.24509803921568626,0.7666624848921568,102,102,False,False,False,True,False,False,False,False,False,False,False,False,False,False,False,11
9bv0rBDxVrY,0.21153846153846154,0.2692307692307692,0.5192307692307693,0.7207181258750001,52,104,False,False,False,False,False,False,False,False,False,False,False,False,False,True,False,4
9cbra1nOvzE,0.2777777777777778,0.3333333333333333,0.3888888888888889,0.7814388409444445,51,18,False,False,False,False,False,False,False,False,False,False,False,False,False,False,True,8
9hkpK0Rr7oo,0.3170731707317073,0.18699186991869918,0.4959349593495935,0.7382155959918699,13,123,False,False,False,False,False,False,False,True,False,False,False,False,False,False,False,5
9iw8AZaMn8o,0.12698412698412698,0.46825396825396826,0.40476190476190477,0.7544696650396826,15,126,False,False,False,True,False,False,False,False,False,False,False,False,False,False,False,11
A2_O5ZQJYMk,0.7664233576642335,0.12408759124087591,0.10948905109489052,0.8584116094671533,263,137,False,False,False,False,False,False,False,True,False,False,False,False,False,False,False,5
AFmRzGnkmvg,0.0,0.0,1.0,0.88937223,0,1,False,False,False,False,False,False,False,False,False,False,True,False,False,False,False,12
AIu35lnYHGk,0.0,0.5,0.5,0.6986377539999999,0,2,False,False,False,False,False,False,False,False,False,False,False,False,True,False,False,1
Aa3k3pKM728,0.12,0.57,0.31,0.78123404947,199,100,False,False,False,False,False,True,False,False,False,False,False,False,False,False,False,3
Ab3mkNFdujs,0.2073170731707317,0.3353658536585366,0.4573170731707317,0.706579592542683,7641,164,False,False,False,False,False,False,False,False,False,False,False,False,False,False,True,8
AllDUtZJpj8,0.1941747572815534,0.3300970873786408,0.47572815533980584,0.7404269188834951,1126,103,False,False,False,False,False,True,False,False,False,False,False,False,False,False,False,3
AsztwWYUA8A,0.7619047619047619,0.061224489795918366,0.17687074829931973,0.8825150199863945,19,147,False,False,False,False,False,False,False,False,False,False,True,False,False,False,False,5
AvP83jA-1nU,0.3333333333333333,0.16666666666666666,0.5,0.7880813230833333,34,12,False,False,True,False,False,False,False,False,False,False,False,False,False,False,False,0
B-8fnn-aRuQ,0.2831858407079646,0.22123893805309736,0.49557522123893805,0.7455081155840708,219,113,False,False,True,False,False,False,False,False,False,False,False,False,False,False,False,0
B2L_RscvTfo,0.6857142857142857,0.0,0.3142857142857143,0.8418798980952381,184,105,False,False,False,False,False,False,False,True,False,False,False,False,False,False,False,5
B2UOucuMlyg,0.2037037037037037,0.5092592592592593,0.28703703703703703,0.7255914630277778,12,108,False,False,False,False,False,False,False,False,False,False,True,False,False,False,False,2
B6N00d0hQ8M,0.4158415841584158,0.18811881188118812,0.39603960396039606,0.7734089909999999,84237,101,False,False,False,False,False,False,False,False,False,False,True,False,False,False,False,12
BGG7UWZ1YTw,0.23809523809523808,0.27380952380952384,0.4880952380952381,0.7600552611607143,2,168,False,False,False,False,False,False,True,False,False,False,False,False,False,False,False,9
BJlIDQi80IU,0.312,0.184,0.504,0.765204272256,6,125,False,False,False,False,False,False,False,True,False,False,False,False,False,False,False,5
BKhmVOUFYXw,0.3333333333333333,0.2937853107344633,0.3728813559322034,0.7302815852033898,68,177,False,False,False,False,False,False,True,False,False,False,False,False,False,False,False,9
BKjPYqFC05g,0.25157232704402516,0.2641509433962264,0.48427672955974843,0.7329462895974843,78,159,False,False,False,False,False,False,False,False,False,False,True,False,False,False,False,2
Bardldt74yg,0.171875,0.5625,0.265625,0.74476010396875,32,128,False,False,False,False,False,False,False,False,False,False,True,False,False,False,False,2
Bk7UI9ehV28,0.2549019607843137,0.24836601307189543,0.49673202614379086,0.7238124852091503,70,153,False,False,False,True,False,False,False,False,False,False,False,False,False,False,False,11
BlHji1erWp0,0.19852941176470587,0.2426470588235294,0.5588235294117647,0.7341968840294117,27,136,False,False,False,False,False,True,False,False,False,False,False,False,False,False,False,3
BltvY6gUxdo,0.29770992366412213,0.13740458015267176,0.5648854961832062,0.7330032441450381,28,131,False,False,False,False,False,False,False,False,False,False,False,False,False,True,False,4
BsgQEBYVYgs,0.10655737704918032,0.3524590163934426,0.5409836065573771,0.7005027195573771,12,122,False,False,False,False,False,True,False,False,False,False,False,False,False,False,False,3
BudcYUlufHo,0.8055555555555556,0.013888888888888888,0.18055555555555555,0.9228963802361112,1638,144,False,False,False,False,False,False,False,False,False,False,True,False,False,False,False,5
CQaiJrEJwb8,0.9797979797979798,0.0,0.020202020202020204,0.9773657231212122,52,99,False,False,False,True,False,False,False,False,False,False,False,False,False,False,False,12
CRlpMh2XF9M,0.05789473684210526,0.7263157894736842,0.21578947368421053,0.7622588857210526,11,190,False,False,False,False,False,False,False,False,True,False,False,False,False,False,False,6
CZliZvnFSv4,0.14942528735632185,0.5,0.3505747126436782,0.7359805932701149,25,174,False,False,False,False,False,False,False,False,False,False,True,False,False,False,False,2
CgzHTd8BNcE,0.14705882352941177,0.28431372549019607,0.5686274509803921,0.7187533401862746,40,102,False,False,False,True,False,False,False,False,False,False,False,False,False,False,False,11
DDkd_8BaXyg,0.8983050847457628,0.0,0.1016949152542373,0.9096105831355932,92,59,False,False,False,False,False,False,False,False,False,False,True,False,False,False,False,5
DENG7Q7VRgo,0.2743362831858407,0.19469026548672566,0.5309734513274337,0.7687507068495575,920,113,False,False,False,True,False,False,False,False,False,False,False,False,False,False,False,11
DJWXRQBtAeA,0.0,0.4,0.6,0.7096257031000001,168,10,False,False,False,False,False,True,False,False,False,False,False,False,False,False,False,3
DaYzVbWBZhI,0.20987654320987653,0.25925925925925924,0.5308641975308642,0.7226721445925925,823,81,False,False,False,False,False,False,False,False,False,False,False,True,False,False,False,12
DcIwk4AQAws,0.48936170212765956,0.1276595744680851,0.3829787234042553,0.7893500594893618,1499,47,False,False,False,False,False,False,False,True,False,False,False,False,False,False,False,5
DiLajOKwZhg,0.7153284671532847,0.06569343065693431,0.21897810218978103,0.841002532160584,55,137,False,False,False,False,False,False,False,False,False,False,True,False,False,False,False,5
Dm36TrZnvd8,0.1619047619047619,0.3142857142857143,0.5238095238095238,0.7458141547809524,2310,105,False,False,False,False,False,True,False,False,False,False,False,False,False,False,False,3
EAYfnuk2zGw,0.17073170731707318,0.3008130081300813,0.5284552845528455,0.6781591559837399,10,123,False,False,False,False,False,True,False,False,False,False,False,False,False,False,False,3
ECBGAX1J5_o,0.15827338129496402,0.2589928057553957,0.5827338129496403,0.7756434700143885,4,139,False,False,False,False,False,False,False,False,False,False,False,False,True,False,False,1
ECtczddr3bo,0.2597402597402597,0.37662337662337664,0.36363636363636365,0.7564167430584415,18273,154,False,False,False,True,False,False,False,False,False,False,False,False,False,False,False,11
EIuEizW_yyI,0.5522388059701493,0.2537313432835821,0.19402985074626866,0.8344010041417911,343,134,False,False,False,False,False,False,False,False,False,False,False,False,False,True,False,4
EP6QmR_Fghk,0.08333333333333333,0.5416666666666666,0.375,0.6870892134583334,56,24,False,False,False,False,False,False,False,False,False,False,True,False,False,False,False,2
EeuRbuqV_4k,0.26119402985074625,0.30597014925373134,0.43283582089552236,0.741178695141791,252,134,False,False,False,False,False,False,False,False,False,False,True,False,False,False,False,2
EpZusZvJYo0,0.3235294117647059,0.14705882352941177,0.5294117647058824,0.7430688997647058,856,68,False,False,False,False,False,False,False,False,False,False,False,False,False,False,True,8
F4dIxethVAY,0.28431372549019607,0.3235294117647059,0.39215686274509803,0.7452993176862744,20,102,False,False,False,False,False,False,False,False,False,False,False,False,False,True,False,4
FOzFY_hTkp8,0.5384615384615384,0.11538461538461539,0.34615384615384615,0.8102385562307692,76,26,False,False,False,False,False,False,False,False,False,False,True,False,False,False,False,2
FWOGsluNv6w,0.38181818181818183,0.13636363636363635,0.4818181818181818,0.7681697839727273,151,110,False,False,False,False,False,False,False,True,False,False,False,False,False,False,False,5
Fc4tEPSMXhI,0.24516129032258063,0.3225806451612903,0.432258064516129,0.755746604167742,223,155,False,False,False,False,False,False,False,False,False,False,True,False,False,False,False,2
FhaFhC_FRXc,0.15083798882681565,0.3240223463687151,0.5251396648044693,0.7188161157374302,13,179,False,False,False,False,False,False,False,False,False,False,False,False,False,True,False,4
Fv2Y1odMjvE,0.6333333333333333,0.06666666666666667,0.3,0.8225936410333333,93,120,False,False,False,False,False,False,False,True,False,False,False,False,False,False,False,5
G69lrMvMnx0,0.5,0.0,0.5,0.761346735,0,8,False,False,False,False,False,False,False,True,False,False,False,False,False,False,False,5
GF0sSoX6l90,0.09933774834437085,0.33774834437086093,0.5629139072847682,0.735465148629139,35,151,False,False,False,False,False,False,False,False,False,False,True,False,False,False,False,2
HILNWybDS34,0.22,0.32,0.46,0.73347566843,15,100,False,False,False,False,False,False,True,False,False,False,False,False,False,False,False,9
HIj2-h3DT90,0.3939393939393939,0.09848484848484848,0.5075757575757576,0.7503016001666667,80,132,False,False,False,False,False,False,False,False,False,False,False,False,False,True,False,4
HJInQGm2GgE,0.5,0.176056338028169,0.323943661971831,0.796296634697183,31,142,False,False,False,False,False,False,False,False,False,False,False,False,False,True,False,4
HMbH9M_Cc_Y,0.09615384615384616,0.4230769230769231,0.4807692307692308,0.6868902066923077,629,52,False,False,False,False,False,False,False,False,True,False,False,False,False,False,False,6
HR0uD48mU-4,0.5615384615384615,0.1,0.3384615384615385,0.8106799886692309,81,130,False,False,False,False,False,False,False,False,False,False,False,False,False,True,False,4
Hc_j5iobLe4,0.3673469387755102,0.17687074829931973,0.4557823129251701,0.775835290829932,2364,147,False,False,False,False,False,False,False,False,False,False,True,False,False,False,False,2
HfWh6eQjSDs,0.39375,0.1125,0.49375,0.7091840600375,28,160,False,False,False,False,False,False,False,False,False,False,False,False,False,True,False,4
HrZ5iJ72up0,0.2122905027932961,0.16759776536312848,0.6201117318435754,0.7333865833519553,27,179,False,False,False,False,False,False,False,False,False,False,True,False,False,False,False,2
Hym4B2ttHvc,1.0,0.0,0.0,0.868997842,4,2,False,False,False,True,False,False,False,False,False,False,False,False,False,False,False,12
I2n7PVmU_DY,0.10828025477707007,0.3630573248407643,0.5286624203821656,0.6961237374522292,289,157,False,False,False,False,False,False,False,False,False,False,True,False,False,False,False,2
ILJkRQwhDec,0.8639455782312925,0.02040816326530612,0.11564625850340136,0.8921187276666667,2999,147,False,False,False,False,False,False,False,True,False,False,False,False,False,False,False,5
IOVKA9eBzkw,0.0,0.0,1.0,0.6338836255,2,2,False,False,False,False,False,False,False,False,False,False,False,False,True,False,False,12
IZwRtd6UIO8,0.42857142857142855,0.19254658385093168,0.37888198757763975,0.7352623632360249,176,161,False,False,False,False,False,False,False,False,False,False,True,False,False,False,False,2
Ict9xRkBt4o,0.13592233009708737,0.4368932038834951,0.42718446601941745,0.7373417069126214,5185,103,False,False,False,False,False,False,False,False,False,False,False,False,False,True,False,4
Iprn2lvhY5Y,0.1917808219178082,0.2602739726027397,0.547945205479452,0.7365892312739726,30,146,False,False,False,False,False,False,False,False,False,False,True,False,False,False,False,2
IrODhcpboW8,0.3160919540229885,0.2413793103448276,0.4425287356321839,0.7178917955344828,530,174,False,False,True,False,False,False,False,False,False,False,False,False,False,False,False,0
IuTDuvYr7f0,0.7414965986394558,0.04081632653061224,0.21768707482993196,0.8886910688911563,249,147,False,False,False,False,False,False,False,False,False,False,False,False,False,False,True,8
J-9Zr9VRyp4,0.1592356687898089,0.28662420382165604,0.554140127388535,0.7194961527707006,165,157,False,False,False,True,False,False,False,False,False,False,False,False,False,False,False,11
J3lNgq0WFGE,0.5267175572519084,0.0916030534351145,0.3816793893129771,0.778421436129771,251,131,False,False,False,False,False,False,False,False,False,False,False,False,False,True,False,4
JBJBLztz_CM,0.13821138211382114,0.4634146341463415,0.3983739837398374,0.7294240378292682,15200,123,False,False,False,True,False,False,False,False,False,False,False,False,False,False,False,11
JMbbtEoXt2g,0.2125,0.325,0.4625,0.7211761001,339,80,False,False,False,False,False,True,False,False,False,False,False,False,False,False,False,3
JNYz4YdOgFk,0.5655737704918032,0.14754098360655737,0.28688524590163933,0.7693807167377049,33,122,False,False,False,False,False,False,False,False,False,False,False,False,False,True,False,4
JmcA9LIIXWw,0.44776119402985076,0.07462686567164178,0.47761194029850745,0.778530101044776,93,134,False,False,False,False,False,False,False,True,False,False,False,False,False,False,False,5
K-3Rr62K1HM,0.041176470588235294,0.38823529411764707,0.5705882352941176,0.6782801370352941,15,170,False,False,False,True,False,False,False,False,False,False,False,False,False,False,False,11
KArch4rjU_0,0.08609271523178808,0.2980132450331126,0.6158940397350994,0.7288943197549669,7,151,False,False,False,False,False,False,False,False,False,False,False,False,True,False,False,1
KBNHqI4kono,0.8524590163934426,0.08196721311475409,0.06557377049180328,0.8794069138688525,114,61,False,False,False,False,False,False,False,False,False,False,False,False,False,False,True,8
KaICflreJ0s,0.506578947368421,0.10526315789473684,0.3881578947368421,0.8120256464078948,620,152,False,False,False,False,False,False,False,False,False,False,True,False,False,False,False,2
KdgyBslCxQs,0.1984126984126984,0.15873015873015872,0.6428571428571429,0.6934153873253968,13,126,False,False,False,False,False,False,False,True,False,False,False,False,False,False,False,5
KgayxOF4Y7E,0.5166666666666667,0.075,0.4083333333333333,0.788006945925,2627,120,False,False,False,False,False,False,False,True,False,False,False,False,False,False,False,5
KvN3JXICzdM,0.40707964601769914,0.22123893805309736,0.37168141592920356,0.7501655803716814,644,113,False,False,False,False,False,False,False,False,False,False,False,False,True,False,False,1
L0NQTpeAH1A,0.56,0.2,0.24,0.8227298618400001,139,25,False,False,False,False,False,False,False,False,False,False,True,False,False,False,False,2
L2QFNgk6PnI,0.34375,0.125,0.53125,0.722306077375,548,64,False,False,False,False,False,True,False,False,False,False,False,False,False,False,False,3
L8TAFNBCfkQ,0.24427480916030533,0.19083969465648856,0.5648854961832062,0.7772484044198473,31,131,False,False,False,False,False,False,False,False,False,False,True,False,False,False,False,2
LSCWBTPzOH0,0.36633663366336633,0.24752475247524752,0.38613861386138615,0.7423167423861387,695,101,False,False,False,True,False,False,False,False,False,False,False,False,False,False,False,11
LZYfSYXY-go,0.32098765432098764,0.12962962962962962,0.5493827160493827,0.7173601615246914,15,162,False,False,False,False,False,False,False,False,False,False,False,False,True,False,False,1
Lk5usY7yFFM,0.05084745762711865,0.672316384180791,0.2768361581920904,0.7351471737853108,557,177,False,False,False,False,False,False,False,False,False,False,False,False,False,True,False,4
M08E7Z0kF5w,0.5572519083969466,0.1297709923664122,0.31297709923664124,0.7972637478625954,523,131,False,False,False,False,False,False,False,False,False,False,True,False,False,False,False,2
M3xnyum4YGs,0.22988505747126436,0.4425287356321839,0.3275862068965517,0.7419463817586207,582,174,False,False,False,False,False,False,False,False,False,False,True,False,False,False,False,2
MBQBY9b6OAU,0.18994413407821228,0.37988826815642457,0.4301675977653631,0.7152328544748604,3177,179,False,False,False,False,False,False,False,False,False,False,False,False,True,False,False,1
MSd0Yjy-B9o,0.1773049645390071,0.2978723404255319,0.524822695035461,0.720703884,23,141,False,False,False,False,False,True,False,False,False,False,False,False,False,False,False,3
MYhtAVbpaok,0.08333333333333333,0.5833333333333334,0.3333333333333333,0.6419475972500001,143,12,False,False,False,False,False,True,False,False,False,False,False,False,False,False,False,3
M_oKjZVC0V8,0.03571428571428571,0.07142857142857142,0.8928571428571429,0.7704062269999999,52,28,False,False,True,False,False,False,False,False,False,False,False,False,False,False,False,0
MspjP-ADmn8,0.37037037037037035,0.18518518518518517,0.4444444444444444,0.7850170875555555,835,27,False,False,False,False,False,False,False,False,False,False,False,False,False,True,False,4
NCpwAnHWIk4,0.18292682926829268,0.36585365853658536,0.45121951219512196,0.7204092357804878,20,164,False,False,False,False,False,False,True,False,False,False,False,False,False,False,False,9
NS94qvAxL5Q,0.2,0.2,0.6,0.6886668802,2,5,False,False,False,True,False,False,False,False,False,False,False,False,False,False,False,11
NkJcsAV2hNs,0.13043478260869565,0.16847826086956522,0.7010869565217391,0.6979737225163044,32,184,False,False,False,False,False,False,False,False,False,False,False,False,True,False,False,1
Nkh561qK_6A,0.1875,0.3125,0.5,0.6992067629140625,3209,128,False,False,False,True,False,False,False,False,False,False,False,False,False,False,False,11
NmcvU1Q36QI,0.20754716981132076,0.3018867924528302,0.49056603773584906,0.7524869725754717,23,106,False,False,False,False,False,True,False,False,False,False,False,False,False,False,False,3
Nt94vfvd7d0,0.5952380952380952,0.16666666666666666,0.23809523809523808,0.8266672293809524,366,42,False,False,False,False,False,False,False,False,False,False,False,False,False,True,False,4
OI_4AnnJxIo,0.0847457627118644,0.5819209039548022,0.3333333333333333,0.7214039499830509,36,177,False,False,False,False,False,False,False,False,False,False,False,False,False,True,False,4
OJ_5Kc7aQEo,0.16184971098265896,0.15606936416184972,0.6820809248554913,0.7039636813005781,29,173,False,False,False,True,False,False,False,False,False,False,False,False,False,False,False,11
OOK5xkFijPc,0.291005291005291,0.2698412698412698,0.43915343915343913,0.6915072665185185,22,189,False,False,False,False,False,False,False,False,False,False,False,False,True,False,False,1
OTnw2r-7TtM,0.17037037037037037,0.25925925925925924,0.5703703703703704,0.7315744573851852,71,135,False,False,False,False,False,True,False,False,False,False,False,False,False,False,False,3
OXmk4U8VzMY,0.22784810126582278,0.3037974683544304,0.46835443037974683,0.7296338483101266,40,158,False,False,False,False,False,False,False,True,False,False,False,False,False,False,False,5
Op-xjPtdtIA,0.32679738562091504,0.3660130718954248,0.30718954248366015,0.7608600738104575,109854,153,False,False,False,True,False,False,False,False,False,False,False,False,False,False,False,12
P-TANCVoHlc,0.1787709497206704,0.46368715083798884,0.3575418994413408,0.7223716166536314,63028,179,False,True,False,False,False,False,False,False,False,False,False,False,False,False,False,12
P4C3_1J7SRg,0.25,0.19444444444444445,0.5555555555555556,0.709770250324074,1046,108,False,False,False,True,False,False,False,False,False,False,False,False,False,False,False,11
P8LcWk3GdIU,0.1935483870967742,0.28225806451612906,0.5241935483870968,0.7615732415806452,7,124,False,False,False,False,False,True,False,False,False,False,False,False,False,False,False,3
PBmrLVBH9OI,0.37572254335260113,0.2947976878612717,0.32947976878612717,0.7236861311213872,345,173,False,False,False,False,False,False,False,False,False,False,False,False,True,False,False,1
PDsz5sKVkpI,0.1125,0.275,0.6125,0.7296985272187501,177,160,False,False,False,True,False,False,False,False,False,False,False,False,False,False,False,11
PTOD31vOQZY,0.2702702702702703,0.16216216216216217,0.5675675675675675,0.8043566073243243,132,37,False,False,False,False,False,False,False,True,False,False,False,False,False,False,False,5
Pa2KC79Sfms,0.27586206896551724,0.45977011494252873,0.26436781609195403,0.7348853940344827,10,174,False,False,False,False,False,False,False,False,False,False,True,False,False,False,False,2
Pb2c0Bl7skE,0.2907801418439716,0.18439716312056736,0.524822695035461,0.7516822282411347,12,141,False,False,False,False,False,False,False,False,False,False,False,False,False,True,False,4
Pgf5NUsDix0,0.37254901960784315,0.20588235294117646,0.4215686274509804,0.7712856390980392,6,102,False,False,False,False,False,False,False,False,False,False,False,False,False,True,False,4
QEJpZjg8GuA,0.3036649214659686,0.4031413612565445,0.2931937172774869,0.6964755335759163,4571,191,False,False,False,False,False,False,False,False,False,False,False,False,True,False,False,1
QF3sZ8sR4jc,0.15789473684210525,0.3157894736842105,0.5263157894736842,0.7091784478421053,50,19,True,False,False,False,False,False,False,False,False,False,False,False,False,False,False,13
QLROnFIQQvk,0.26666666666666666,0.13333333333333333,0.6,0.7441686915939394,65,165,False,False,False,False,False,False,False,False,True,False,False,False,False,False,False,6
QOfTsyEtepI,0.20454545454545456,0.4318181818181818,0.36363636363636365,0.7274336983409092,1006,44,False,False,False,False,False,True,False,False,False,False,False,False,False,False,False,3
QPNbIbG_rG4,0.2845528455284553,0.11382113821138211,0.6016260162601627,0.6754685826747967,103,123,False,False,False,False,False,True,False,False,False,False,False,False,False,False,False,3
Qf0bKgn5zvg,0.23809523809523808,0.26785714285714285,0.49404761904761907,0.7238754550238096,27,168,False,False,False,False,False,False,False,False,False,False,True,False,False,False,False,2
QjL7D33xpS4,0.38620689655172413,0.19310344827586207,0.4206896551724138,0.753868755,178,145,False,False,False,False,False,False,False,True,False,False,False,False,False,False,False,5
QqbvtthHC9c,0.09803921568627451,0.47058823529411764,0.43137254901960786,0.7457184855686275,22,153,False,False,False,False,False,False,False,False,False,False,False,True,False,False,False,12
QrhjcI9tu94,0.4306569343065693,0.15328467153284672,0.41605839416058393,0.754099500430657,345,137,False,False,False,False,False,False,False,True,False,False,False,False,False,False,False,5
RHtnrzct2RM,0.2222222222222222,0.1111111111111111,0.6666666666666666,0.7747022244444444,11,9,False,False,False,False,False,False,False,False,True,False,False,False,False,False,False,6
RO8qEeIWHR4,0.16037735849056603,0.330188679245283,0.5094339622641509,0.7149453363490567,103,106,False,False,False,False,False,False,False,False,False,False,True,False,False,False,False,2
RSSLg-6XKHw,0.11940298507462686,0.2835820895522388,0.5970149253731343,0.7072355233731343,3601,134,False,False,False,False,False,True,False,False,False,False,False,False,False,False,False,3
RWf-5ekJES8,0.15436241610738255,0.35570469798657717,0.4899328859060403,0.6698152075302013,2175,149,False,False,False,False,False,False,False,False,False,False,True,False,False,False,False,2
RYYExyog1gM,0.10215053763440861,0.6021505376344086,0.2956989247311828,0.7181803340537634,337,186,False,False,False,False,False,False,False,False,True,False,False,False,False,False,False,6
Rf9g9UwC3FA,0.25748502994011974,0.3532934131736527,0.38922155688622756,0.7694557908682634,1183,167,False,False,False,False,False,False,False,False,False,False,True,False,False,False,False,2
Rh8buRWU0SM,0.574468085106383,0.14893617021276595,0.2765957446808511,0.8228553915886525,230,141,False,False,False,False,False,False,False,True,False,False,False,False,False,False,False,5
RnGw1oFcD0I,0.28662420382165604,0.2484076433121019,0.46496815286624205,0.735647000866242,13,157,False,False,False,False,False,False,False,False,False,False,True,False,False,False,False,2
S8-Z5NtkmzI,0.844559585492228,0.08808290155440414,0.06735751295336788,0.8579673761295336,12,193,False,False,False,False,False,False,False,False,False,False,False,False,False,False,True,8
S_k0Am8R9ZQ,0.7631578947368421,0.02631578947368421,0.21052631578947367,0.8846060617894737,308,38,False,False,False,False,False,False,False,False,False,False,False,False,False,False,True,8
SlhuW6Sv95M,0.20353982300884957,0.25663716814159293,0.5398230088495575,0.7166816711415929,449,113,False,False,False,False,True,False,False,False,False,False,False,False,False,False,False,10
T-F-vVNVQ50,0.3191489361702128,0.43617021276595747,0.24468085106382978,0.7462551032021276,209,94,False,False,False,False,False,False,False,False,False,False,False,False,True,False,False,1
T-HWQ4jQ2p4,0.18867924528301888,0.3584905660377358,0.4528301886792453,0.6888761707672956,188,159,False,False,False,False,False,False,False,False,False,False,False,False,True,False,False,1
T1LRsp8qBY0,0.8208955223880597,0.04477611940298507,0.13432835820895522,0.8849459475074627,85,134,False,False,False,False,False,False,False,False,False,False,True,False,False,False,False,5
THw-wXt7wyM,0.17486338797814208,0.3005464480874317,0.5245901639344263,0.6842330922185792,10404,183,False,False,False,False,False,False,False,False,False,False,False,False,True,False,False,1
TMX3cUwXfE0,0.45,0.1,0.45,0.73086313755,369,40,False,False,False,False,False,False,False,False,False,False,True,False,False,False,False,2
TWDtj99937I,0.18064516129032257,0.3161290322580645,0.5032258064516129,0.7116979397548386,434,155,False,False,False,False,False,False,False,False,False,False,False,False,True,False,False,1
TaY-jRMbNpk,0.226890756302521,0.18487394957983194,0.5882352941176471,0.7275423940924369,241,119,False,False,False,False,False,False,False,False,False,False,False,False,True,False,False,1
Tb60JK9NqFk,0.8974358974358975,0.02564102564102564,0.07692307692307693,0.9369019504615385,246,117,False,False,False,False,False,False,False,True,False,False,False,False,False,False,False,5
TqgU7-gusjQ,0.24043715846994534,0.29508196721311475,0.4644808743169399,0.7104060634043715,4432,183,False,False,True,False,False,False,False,False,False,False,False,False,False,False,False,0
U0ZoqmyGJo8,0.8130841121495327,0.018691588785046728,0.16822429906542055,0.8514642958224299,28,107,False,False,False,False,False,False,False,True,False,False,False,False,False,False,False,5
UI9eajgOH24,0.7634408602150538,0.03225806451612903,0.20430107526881722,0.8896062553763442,1554,93,False,False,False,False,False,False,True,False,False,False,False,False,False,False,False,9
URKxhIO5Jg8,0.2694610778443114,0.32934131736526945,0.40119760479041916,0.757811903263473,14,167,False,False,False,False,False,False,False,False,False,False,True,False,False,False,False,2
UZ3g4vB-UAU,0.15527950310559005,0.40372670807453415,0.4409937888198758,0.7171685978695652,238,161,False,False,False,False,False,False,False,False,False,False,True,False,False,False,False,2
UkxFo22QYPw,0.11818181818181818,0.21818181818181817,0.6636363636363637,0.7273764686454545,18,110,False,False,False,False,False,False,True,False,False,False,False,False,False,False,False,9
UldtEwiXlb8,0.2047244094488189,0.1968503937007874,0.5984251968503937,0.7617428579606299,60,127,False,False,False,False,False,True,False,False,False,False,False,False,False,False,False,3
Uy7rP_rXzv4,0.21875,0.28125,0.5,0.73201249950625,4829,160,False,False,False,False,False,False,False,False,False,False,False,False,True,False,False,1
V27fSiKlk0Q,0.2830188679245283,0.29245283018867924,0.42452830188679247,0.7326222536886793,559,106,False,False,False,True,False,False,False,False,False,False,False,False,False,False,False,11
VBHVq9Uf6us,0.75,0.25,0.0,0.96819818025,16,4,False,False,False,False,False,True,False,False,False,False,False,False,False,False,False,12
VT2qF97pQNw,0.6607142857142857,0.09821428571428571,0.24107142857142858,0.8292453860892858,64,112,False,False,False,False,False,False,False,True,False,False,False,False,False,False,False,5
VTQMvWnCROc,0.4380165289256198,0.14049586776859505,0.4214876033057851,0.7595280549421488,650,121,False,False,False,False,False,False,False,True,False,False,False,False,False,False,False,5
VZGuI05udzk,0.21428571428571427,0.21428571428571427,0.5714285714285714,0.7375351255,31,14,False,False,True,False,False,False,False,False,False,False,False,False,False,False,False,0
W7eejrlrweM,0.8444444444444444,0.044444444444444446,0.1111111111111111,0.8995472461222223,2794,90,False,False,False,False,False,False,False,False,False,False,True,False,False,False,False,5
W9bcgXfxFyE,0.8333333333333334,0.0,0.16666666666666666,0.8377205664444445,62,18,False,False,False,False,False,False,False,True,False,False,False,False,False,False,False,5
WQKRQ37eqD8,0.30578512396694213,0.2727272727272727,0.4214876033057851,0.7706211812231405,340,121,False,False,False,False,False,False,True,False,False,False,False,False,False,False,False,9
WYQwxfl0Ui0,0.3567567567567568,0.372972972972973,0.2702702702702703,0.7469641004054054,14,185,False,False,False,False,False,False,False,False,False,False,True,False,False,False,False,2
WZCDJswVHbI,0.568,0.176,0.256,0.810768614552,1394,125,False,False,False,False,False,False,False,False,False,False,False,True,False,False,False,12
WjzHTHau-1M,0.1978021978021978,0.32967032967032966,0.4725274725274725,0.7213302656153845,257,182,False,False,False,False,False,False,False,False,False,False,False,False,False,True,False,4
Wo0smJajSuM,0.20279720279720279,0.35664335664335667,0.4405594405594406,0.7442588585664335,22,143,False,False,False,False,False,False,False,False,False,False,True,False,False,False,False,2
X3ut6mWfMo8,0.25735294117647056,0.18382352941176472,0.5588235294117647,0.7183540555882353,968,136,False,False,False,True,False,False,False,False,False,False,False,False,False,False,False,11
XCNcYVghOj4,0.36363636363636365,0.14285714285714285,0.4935064935064935,0.7381727473311689,30,154,False,False,False,False,False,False,False,False,False,False,True,False,False,False,False,2
XOwxbB9X6aQ,0.22857142857142856,0.38857142857142857,0.38285714285714284,0.7121742783142857,14,175,False,False,False,False,False,False,False,False,False,False,False,False,True,False,False,1
Xl7BEu5DTn8,0.08287292817679558,0.35359116022099446,0.56353591160221,0.6749786031657459,65,181,False,False,False,False,False,False,False,False,False,False,False,False,False,True,False,4
XlnspY2wOVw,0.0625,0.671875,0.265625,0.7456261093437501,49,192,False,False,False,False,False,False,False,False,True,False,False,False,False,False,False,6
XuVuoJDK_E8,0.5882352941176471,0.11764705882352941,0.29411764705882354,0.8479785393529412,61,17,False,False,False,False,False,False,False,False,False,True,False,False,False,False,False,14
Y2dS2nQK5wo,0.27439024390243905,0.2926829268292683,0.4329268292682927,0.7600554460365854,2261,164,False,False,True,False,False,False,False,False,False,False,False,False,False,False,False,0
Y5SNI9J1BW0,0.55,0.18333333333333332,0.26666666666666666,0.7861359159583333,29,120,False,False,False,False,False,False,False,False,False,False,False,False,False,True,False,4
YIebSpMgqxc,0.2,0.42758620689655175,0.3724137931034483,0.7161014080275863,26,145,False,False,False,False,False,False,False,False,False,False,False,False,False,True,False,4
YOpdR810ZEY,0.15384615384615385,0.5,0.34615384615384615,0.7463711111153846,679,26,False,False,False,False,False,True,False,False,False,False,False,False,False,False,False,3
Y_hdQXQfsNg,0.6818181818181818,0.09090909090909091,0.22727272727272727,0.8354634147,155,110,False,False,False,False,False,False,False,True,False,False,False,False,False,False,False,5
YhFhMsoHfsA,0.33121019108280253,0.28662420382165604,0.3821656050955414,0.7382073129363057,119,157,False,True,False,False,False,False,False,False,False,False,False,False,False,False,False,7
YtQkSiB_c_M,0.6,0.1,0.3,0.8487843522999999,141,30,False,False,False,False,False,False,False,False,False,False,False,False,False,False,True,8
Z-vayZ_XN_M,0.4782608695652174,0.30434782608695654,0.21739130434782608,0.8029613443043478,360,23,False,False,False,False,False,False,True,False,False,False,False,False,False,False,False,9
Z1oYGawjFnY,0.07894736842105263,0.38596491228070173,0.5350877192982456,0.6921567729122807,10,114,False,False,False,True,False,False,False,False,False,False,False,False,False,False,False,11
ZIbELtO_ig4,0.40714285714285714,0.25,0.34285714285714286,0.7717001206071429,35,140,False,False,False,True,False,False,False,False,False,False,False,False,False,False,False,11
ZQ9to4mWqeo,0.6363636363636364,0.19480519480519481,0.16883116883116883,0.8539142163506493,295,77,False,False,False,False,False,True,False,False,False,False,False,False,False,False,False,3
_-xbSUx8LGU,0.9166666666666666,0.016666666666666666,0.06666666666666667,0.9072050745666667,185,60,False,False,False,False,False,False,False,True,False,False,False,False,False,False,False,5
_0yx3BXBpXY,0.16091954022988506,0.2471264367816092,0.5919540229885057,0.7109907190632184,22,174,False,False,False,False,False,False,False,False,False,False,False,False,True,False,False,1
_ItjPj365VE,0.2357142857142857,0.3,0.4642857142857143,0.7406756758785714,436,140,False,False,False,False,True,False,False,False,False,False,False,False,False,False,False,10
_cJVnCNe_qc,0.3217391304347826,0.043478260869565216,0.6347826086956522,0.747833846173913,28,115,False,False,False,False,False,False,False,True,False,False,False,False,False,False,False,5
_lyAEL4Wqao,0.2925170068027211,0.11564625850340136,0.5918367346938775,0.7811900632176871,1225,147,False,False,False,False,False,False,False,False,False,False,False,False,False,True,False,4
_pD_9zpg7gE,0.25,0.25,0.5,0.7539804237211538,771,104,False,False,False,False,False,False,False,False,False,False,False,False,True,False,False,1
aKoftHSPKlg,0.21052631578947367,0.3684210526315789,0.42105263157894735,0.7430248340409357,11,171,False,False,False,False,False,False,False,False,False,False,True,False,False,False,False,2
aMXJipD_ZaQ,0.18181818181818182,0.09090909090909091,0.7272727272727273,0.7193175202272727,48,22,False,False,False,False,False,True,False,False,False,False,False,False,False,False,False,3
aXZPJ8yGbwU,0.6587301587301587,0.0873015873015873,0.25396825396825395,0.7882886242777778,381,126,False,False,False,True,False,False,False,False,False,False,False,False,False,False,False,11
akZXMDt0juc,0.6239316239316239,0.10256410256410256,0.27350427350427353,0.7824166216239316,108,117,False,False,False,False,False,False,False,False,False,False,False,False,False,True,False,4
au9rwFwtiAE,0.12213740458015267,0.19083969465648856,0.6870229007633588,0.7162958975267176,15501,131,False,False,False,False,False,False,False,False,False,False,True,False,False,False,False,2
b0X9sLNj3KA,0.3546511627906977,0.13372093023255813,0.5116279069767442,0.7800943967674419,241,172,False,False,False,True,False,False,False,False,False,False,False,False,False,False,False,11
bIZGXGNb02A,0.16875,0.55625,0.275,0.77381451165625,45,160,False,False,False,False,False,False,False,False,False,False,True,False,False,False,False,2
c06EyaEwNrE,0.11949685534591195,0.2578616352201258,0.6226415094339622,0.7637701814465409,21,159,False,False,False,False,False,True,False,False,False,False,False,False,False,False,False,3
cGPQFMesoTM,0.18452380952380953,0.24404761904761904,0.5714285714285714,0.7436546431726191,49,168,False,False,False,False,False,False,False,False,False,False,True,False,False,False,False,2
cOtN-OJUGmU,0.47692307692307695,0.19230769230769232,0.33076923076923076,0.7947924586,588,130,False,False,False,False,False,False,False,False,False,False,True,False,False,False,False,2
cRwOEmTCRqA,0.37962962962962965,0.14814814814814814,0.4722222222222222,0.7679216406481482,1558,108,False,False,False,False,False,False,False,False,False,False,False,False,True,False,False,1
cTW0ws7dS6c,0.12121212121212122,0.06060606060606061,0.8181818181818182,0.7777094552727273,23,33,False,False,True,False,False,False,False,False,False,False,False,False,False,False,False,0
cdmKVXynX3I,0.27205882352941174,0.3602941176470588,0.36764705882352944,0.7678162523235295,236,136,False,False,False,True,False,False,False,False,False,False,False,False,False,False,False,11
d57entF4mGU,0.12408759124087591,0.46715328467153283,0.40875912408759124,0.7272202602554745,15,137,False,False,False,True,False,False,False,False,False,False,False,False,False,False,False,11
d7TrtQ_VitI,0.1092896174863388,0.6502732240437158,0.24043715846994534,0.7491483602021859,19,183,False,False,False,False,False,False,False,False,True,False,False,False,False,False,False,6
dLl4PZtxia8,0.6074766355140186,0.09345794392523364,0.29906542056074764,0.7943657060186916,327,107,False,False,False,False,False,False,False,False,False,False,True,False,False,False,False,2
dRJWhGQO6Go,0.639344262295082,0.03278688524590164,0.32786885245901637,0.865891667647541,123,122,False,False,False,True,False,False,False,False,False,False,False,False,False,False,False,11
djhYiKQJi5c,0.23300970873786409,0.32038834951456313,0.44660194174757284,0.721226218514563,7952,103,False,False,False,False,False,False,False,False,False,False,False,False,False,True,False,4
dkmwIAsp9Zo,0.2391304347826087,0.29347826086956524,0.4673913043478261,0.725602685,11,184,False,False,False,False,False,False,False,False,False,False,False,False,True,False,False,1
drgIFxv3NTs,0.8380952380952381,0.02857142857142857,0.13333333333333333,0.8861217152857144,187,105,False,False,False,False,False,False,False,True,False,False,False,False,False,False,False,5
dsP3XwLCbY4,0.21666666666666667,0.28888888888888886,0.49444444444444446,0.7001290253611111,14,180,False,False,True,False,False,False,False,False,False,False,False,False,False,False,False,0
dwXRuehggSg,0.1282051282051282,0.2692307692307692,0.6025641025641025,0.7256377455641025,22,156,False,False,False,False,False,False,False,False,False,False,True,False,False,False,False,2
e8gxQ4rKadU,0.2206896551724138,0.32413793103448274,0.45517241379310347,0.727168032813793,475,145,False,False,False,False,False,False,False,False,False,False,True,False,False,False,False,2
e8sAA40ll1Y,0.25925925925925924,0.3333333333333333,0.4074074074074074,0.7295332668395061,17,162,False,False,False,False,False,False,False,False,False,False,True,False,False,False,False,2
eGINsvWEvNY,0.2184873949579832,0.31092436974789917,0.47058823529411764,0.7176042239159665,458,119,False,False,False,False,False,False,False,False,False,False,True,False,False,False,False,2
eLPVDaaQybY,0.6815286624203821,0.050955414012738856,0.267515923566879,0.848157221522293,57,157,False,False,False,False,False,False,False,False,False,False,True,False,False,False,False,2
eNh9tDuau58,0.4928571428571429,0.17857142857142858,0.32857142857142857,0.7752940251785715,145,140,False,False,False,False,False,False,False,False,False,False,False,False,False,True,False,4
eSucdOAIwrg,0.06875,0.45,0.48125,0.68842728846875,27,160,False,False,False,False,False,False,False,False,False,False,False,False,True,False,False,1
eTGDDaK3kK0,0.09032258064516129,0.38064516129032255,0.5290322580645161,0.719467869683871,13,155,False,False,False,False,False,False,False,False,False,False,False,False,False,True,False,4
eixaFYJULg4,0.1322314049586777,0.2066115702479339,0.6611570247933884,0.6854291834049587,15,121,False,False,False,False,False,True,False,False,False,False,False,False,False,False,False,3
emP4uLJk-j8,0.0,0.5,0.5,0.61257422,0,2,False,False,False,False,False,True,False,False,False,False,False,False,False,False,False,3
eoeIl02oH90,0.6776859504132231,0.14049586776859505,0.18181818181818182,0.814004152305785,21,121,False,False,False,False,False,False,False,False,False,False,False,False,False,True,False,4
eqkbs5Z3y-M,0.25806451612903225,0.21774193548387097,0.5241935483870968,0.7649145534999999,405,124,False,False,False,False,False,False,False,False,False,False,False,False,True,False,False,1
etcJMBZ0L_I,0.11038961038961038,0.2532467532467532,0.6363636363636364,0.7190025824285714,11,154,False,False,False,False,False,False,False,False,False,False,False,False,False,True,False,4
exI_hD_4jAM,0.7342657342657343,0.11888111888111888,0.14685314685314685,0.8651878740419581,248,143,False,False,False,False,False,False,False,False,False,False,False,False,False,False,True,8
fODdWJGsYzQ,0.5238095238095238,0.19047619047619047,0.2857142857142857,0.806198223,515,42,False,False,False,False,False,False,False,False,False,False,True,False,False,False,False,2
fXSg1DAAkVI,0.045454545454545456,0.22727272727272727,0.7272727272727273,0.6881594907954546,162,44,False,False,False,False,False,False,False,False,False,False,True,False,False,False,False,2
ffpJjqE34fU,0.31756756756756754,0.21621621621621623,0.46621621621621623,0.7167085028513513,140,148,False,False,False,False,False,False,False,False,False,False,True,False,False,False,False,2
flY9daaR9Do,0.5192307692307693,0.21153846153846154,0.2692307692307692,0.8017426213173077,442,104,False,False,False,False,False,False,True,False,False,False,False,False,False,False,False,9
g2_3jU7ysdc,0.3333333333333333,0.16666666666666666,0.5,0.7141513426666667,56,6,False,False,True,False,False,False,False,False,False,False,False,False,False,False,False,0
g2x0tLg6mzk,0.13513513513513514,0.2702702702702703,0.5945945945945946,0.7346195828558558,20,111,False,False,False,False,False,False,False,False,False,False,False,False,False,False,True,8
g6s24c3XqLk,0.09352517985611511,0.19424460431654678,0.7122302158273381,0.7254769697553957,449,139,False,False,False,False,False,False,False,False,False,False,False,False,False,True,False,4
g7FzO25-t0c,0.3271604938271605,0.22839506172839505,0.4444444444444444,0.7384363893271605,1658,162,False,False,False,False,False,False,False,False,False,False,True,False,False,False,False,2
g8DA2e0LoIw,0.25477707006369427,0.2929936305732484,0.45222929936305734,0.706804752210191,24,157,False,False,False,True,False,False,False,False,False,False,False,False,False,False,False,11
gH_Z7MwlOHM,0.2905982905982906,0.29914529914529914,0.41025641025641024,0.7606404276153845,15,117,False,False,False,False,False,False,True,False,False,False,False,False,False,False,False,9
gNWy2nrNUbU,0.1346153846153846,0.358974358974359,0.5064102564102564,0.7038828205769231,7929,156,False,False,False,False,False,True,False,False,False,False,False,False,False,False,False,3
gmPlewWsb0E,0.10471204188481675,0.643979057591623,0.2513089005235602,0.7167087020680628,43,191,False,False,False,False,False,False,False,False,True,False,False,False,False,False,False,6
gtTv-Ol0XY8,0.371900826446281,0.14049586776859505,0.48760330578512395,0.7573835866859504,8014,121,False,False,False,False,False,False,False,False,False,False,True,False,False,False,False,2
h0xOdfMJTJI,0.20754716981132076,0.3113207547169811,0.4811320754716981,0.7473893888301887,410,106,False,False,False,False,True,False,False,False,False,False,False,False,False,False,False,10
h6YNzZ0VRbo,0.18382352941176472,0.29411764705882354,0.5220588235294118,0.7057241155588235,27,136,False,False,False,True,False,False,False,False,False,False,False,False,False,False,False,11
hFgnFnlf0_Y,0.0,0.0,1.0,0.7951028346666668,3,3,False,False,False,False,False,False,False,False,False,False,True,False,False,False,False,12
hJP5GqnTrNo,0.36666666666666664,0.25,0.38333333333333336,0.7307186959388889,136,180,False,False,False,False,False,False,False,False,False,False,False,False,True,False,False,1
hUNMNelz-DY,0.2,0.0,0.8,0.6832278043,12,10,False,False,False,False,False,True,False,False,False,False,False,False,False,False,False,3
hZWNRBEdVpQ,0.16260162601626016,0.42276422764227645,0.4146341463414634,0.7142853262276423,20,123,False,False,False,True,False,False,False,False,False,False,False,False,False,False,False,11
hbPPfFBdjLk,0.21428571428571427,0.0,0.7857142857142857,0.5912362572142857,69,14,False,False,False,True,False,False,False,False,False,False,False,False,False,False,False,11
heIKaaamvdc,0.2795031055900621,0.10559006211180125,0.6149068322981367,0.7646383593229813,193,161,False,False,False,False,False,False,False,False,False,False,False,False,False,True,False,4
hgYhws0AHcg,0.4732142857142857,0.14285714285714285,0.38392857142857145,0.75003136775,37,112,False,False,False,False,False,False,False,True,False,False,False,False,False,False,False,5
hiNtzwNFgYo,0.32,0.3,0.38,0.77840273142,126,150,False,False,False,False,False,False,False,False,False,False,True,False,False,False,False,2
i7IBCbT0RIk,0.17647058823529413,0.4411764705882353,0.38235294117647056,0.7114662213235293,204,34,False,False,False,False,False,False,False,False,False,False,False,False,False,False,True,8
iCvnMT1HeB8,0.4011627906976744,0.313953488372093,0.28488372093023256,0.7733543835988371,18,172,False,False,False,False,False,False,False,False,False,False,True,False,False,False,False,2
iR9haWi9f68,0.49122807017543857,0.2719298245614035,0.23684210526315788,0.7920369437543859,39,114,False,False,False,False,False,False,False,True,False,False,False,False,False,False,False,5
iatS86r1Hnk,0.09411764705882353,0.3941176470588235,0.5117647058823529,0.6973351459529412,9,170,False,False,False,False,False,False,False,False,False,False,False,False,True,False,False,1
if0CyhGPp4s,0.88,0.04,0.08,0.8822456288000001,64,25,False,False,False,True,False,False,False,False,False,False,False,False,False,False,False,12
ioWw9s7c-T4,0.17829457364341086,0.21705426356589147,0.6046511627906976,0.6859089547131783,59,129,False,False,False,False,False,False,True,False,False,False,False,False,False,False,False,9
j4M47qLTeJ4,0.32786885245901637,0.16939890710382513,0.5027322404371585,0.7452291451967212,23993,183,False,False,False,False,False,False,False,False,False,False,False,False,True,False,False,1
jHNdRSIVJr4,0.23030303030303031,0.20606060606060606,0.5636363636363636,0.7209555371090909,9,165,False,False,False,False,False,False,False,False,False,False,False,False,False,True,False,4
jHfxK_FNGP0,0.8,0.0,0.2,0.9377613306000001,2,5,False,False,False,True,False,False,False,False,False,False,False,False,False,False,False,12
jdbfW3BZi3w,0.16455696202531644,0.43670886075949367,0.3987341772151899,0.7193972432151898,14810,158,False,True,False,False,False,False,False,False,False,False,False,False,False,False,False,7
jdmPSjon6w4,0.36036036036036034,0.16216216216216217,0.4774774774774775,0.7809568197477477,109,111,False,False,False,False,False,False,False,False,False,False,False,False,True,False,False,1
jmStr5LUCeA,0.5,0.3333333333333333,0.16666666666666666,0.7804426551666667,11,6,False,False,False,False,False,False,False,False,False,False,False,False,True,False,False,1
jnvYlDpUC_0,0.30113636363636365,0.19886363636363635,0.5,0.7353063014034091,8192,176,False,False,False,False,False,False,False,True,False,False,False,False,False,False,False,5
jpRPVBQsVlQ,0.7816091954022989,0.0,0.21839080459770116,0.8669920197471265,141,87,False,False,False,False,False,False,False,True,False,False,False,False,False,False,False,5
k391xWc5K7I,0.3008849557522124,0.2831858407079646,0.415929203539823,0.7646407134778761,802,113,False,False,False,False,False,False,False,False,False,False,False,False,False,True,False,4
k3CJB_az3_M,0.15,0.43333333333333335,0.4166666666666667,0.7255362933166667,915,60,False,False,False,False,False,False,False,False,False,False,False,False,True,False,False,1
kKmt1Roznio,0.22321428571428573,0.2767857142857143,0.5,0.7574604067946428,5,112,False,False,False,False,False,False,False,False,False,False,False,False,False,True,False,4
kSq5Gfj8PwU,0.2119205298013245,0.41721854304635764,0.3708609271523179,0.7317243315033113,7,151,False,False,False,False,False,False,False,False,False,False,True,False,False,False,False,2
kVSBWEfamGM,0.06293706293706294,0.18181818181818182,0.7552447552447552,0.7117722966293707,5147,143,False,False,False,False,False,True,False,False,False,False,False,False,False,False,False,3
kYwTNWfMbYs,0.40555555555555556,0.32222222222222224,0.2722222222222222,0.7714792814444444,18,180,False,False,False,False,False,False,False,False,False,False,True,False,False,False,False,2
kcNKkdyZxL4,0.7818181818181819,0.02727272727272727,0.19090909090909092,0.8579750153,120,110,False,False,False,False,False,False,False,False,False,False,False,False,False,True,False,4
kitJzrPzo7Q,0.45217391304347826,0.11304347826086956,0.43478260869565216,0.7878638046956522,21,115,False,False,False,False,False,False,True,False,False,False,False,False,False,False,False,9
km_YvOe7Mno,0.19230769230769232,0.21153846153846154,0.5961538461538461,0.7002553418269231,20,104,False,False,False,True,False,False,False,False,False,False,False,False,False,False,False,11
l3mBnHkye5c,0.1678832116788321,0.29927007299270075,0.5328467153284672,0.7121655375839416,15,137,False,False,False,False,False,False,False,False,False,False,False,False,False,True,False,4
l3yfcRuts1I,0.12637362637362637,0.34065934065934067,0.532967032967033,0.6888552756538461,2905,182,False,False,False,False,False,False,False,False,False,False,False,False,True,False,False,1
lCHqmzynO-s,0.20224719101123595,0.3146067415730337,0.48314606741573035,0.706800372241573,5170,178,False,False,True,False,False,False,False,False,False,False,False,False,False,False,False,0
lSv1HxuXelc,0.3442622950819672,0.32786885245901637,0.32786885245901637,0.7655158135655737,963,122,False,False,False,False,False,False,False,False,False,False,True,False,False,False,False,2
lTVtoyMYt-g,0.31521739130434784,0.25,0.43478260869565216,0.6929420522771739,98,184,False,False,False,False,False,False,False,False,False,False,False,False,True,False,False,1
liyn5xWvx44,0.26857142857142857,0.3942857142857143,0.33714285714285713,0.7157342999314286,116,175,False,False,False,False,False,False,False,False,True,False,False,False,False,False,False,6
lj1o8gqCKmQ,0.21296296296296297,0.2222222222222222,0.5648148148148148,0.7372508457500001,41,108,False,False,False,False,False,False,True,False,False,False,False,False,False,False,False,9
lne8nVm761s,0.125,0.5416666666666666,0.3333333333333333,0.7149208847083334,595,24,False,False,False,False,False,True,False,False,False,False,False,False,False,False,False,3
ltxrFUdfQyk,0.19480519480519481,0.4935064935064935,0.3116883116883117,0.7344094398831168,597,77,False,False,False,False,False,False,False,False,True,False,False,False,False,False,False,6
m5cFdfqB9ks,0.05806451612903226,0.5741935483870968,0.36774193548387096,0.7456272719483871,15,155,False,False,False,False,False,False,False,False,False,False,False,True,False,False,False,12
mJgfY42EiDQ,0.11538461538461539,0.35384615384615387,0.5307692307692308,0.716975347123077,15,130,False,False,False,False,False,False,False,False,False,False,False,False,False,True,False,4
mLW35YMzELE,0.39603960396039606,0.15841584158415842,0.44554455445544555,0.7542597804950495,22667,101,False,False,False,True,False,False,False,False,False,False,False,False,False,False,False,11
mSC1GzBtAmA,0.7096774193548387,0.06451612903225806,0.22580645161290322,0.8508752651693547,157,124,False,False,True,False,False,False,False,False,False,False,False,False,False,False,False,0
m_GxCCR6QQE,0.3877551020408163,0.08163265306122448,0.5306122448979592,0.7461727620408164,591,49,False,False,False,False,False,False,False,False,False,False,False,False,False,True,False,4
mfQbbPT4pVY,0.28350515463917525,0.31958762886597936,0.39690721649484534,0.7197138064690721,1943,194,False,False,False,False,False,True,False,False,False,False,False,False,False,False,False,3
mhJmnK-KYVQ,0.7142857142857143,0.0,0.2857142857142857,0.7416790895714286,33,7,False,False,False,True,False,False,False,False,False,False,False,False,False,False,False,11
mkcgVN90zl0,0.13559322033898305,0.4180790960451977,0.4463276836158192,0.6998195963276836,10,177,False,False,False,False,False,False,False,False,False,False,False,False,True,False,False,1
n-J5UN2cAgs,0.7962962962962963,0.06481481481481481,0.1388888888888889,0.8871340185925926,154,108,False,False,False,False,False,False,False,False,False,False,False,False,False,False,True,8
n7t0K0Ewlqg,0.11046511627906977,0.6162790697674418,0.27325581395348836,0.7342028732383721,44,172,False,False,False,False,False,False,False,False,True,False,False,False,False,False,False,6
nA6ZdAZqloc,0.12429378531073447,0.4858757062146893,0.3898305084745763,0.7406311415875707,10,177,False,False,False,False,False,False,False,False,False,False,False,False,True,False,False,1
nJAcH3x1wpQ,0.22556390977443608,0.2857142857142857,0.48872180451127817,0.7614915496240602,14,133,False,False,False,False,False,False,True,False,False,False,False,False,False,False,False,9
nRNuZ9tSKwg,0.3025210084033613,0.08403361344537816,0.6134453781512605,0.7529745537394958,45,119,False,False,False,False,False,True,False,False,False,False,False,False,False,False,False,3
niNfbN17Zy4,0.7313432835820896,0.13432835820895522,0.13432835820895522,0.8893460089253732,362,67,False,False,False,False,False,False,False,False,False,False,True,False,False,False,False,5
o0N_z0ZmmIc,0.15873015873015872,0.36507936507936506,0.47619047619047616,0.7006746993968255,994,63,False,False,False,False,False,True,False,False,False,False,False,False,False,False,False,3
o7CHV8Osx-M,0.32934131736526945,0.31736526946107785,0.3532934131736527,0.7241552866467066,51,167,False,False,False,False,False,True,False,False,False,False,False,False,False,False,False,3
oDh58oNhJLs,0.2085889570552147,0.2085889570552147,0.5828220858895705,0.7323952258957055,315,163,False,False,False,False,False,False,False,False,False,False,True,False,False,False,False,2
oF6KppwwfkM,0.38666666666666666,0.25333333333333335,0.36,0.72920031548,1043,75,False,False,False,False,False,False,False,False,False,False,False,False,True,False,False,1
oLJJQapdp1M,0.15286624203821655,0.4140127388535032,0.43312101910828027,0.7515103733566879,80,157,False,False,False,False,False,False,False,False,False,False,True,False,False,False,False,2
or7JOVi2vwU,0.09302325581395349,0.32558139534883723,0.5813953488372093,0.7077060865290697,8070,172,False,False,False,False,False,False,False,False,False,False,True,False,False,False,False,2
ouuKNW6L4UE,0.25925925925925924,0.25925925925925924,0.48148148148148145,0.7398441032222222,9,135,False,False,False,False,False,False,True,False,False,False,False,False,False,False,False,9
ovMetC5Q1QM,0.5,0.0,0.5,0.7973044515,38,2,False,False,False,False,False,False,False,False,False,False,True,False,False,False,False,2
pEnmhj6qJa4,0.23076923076923078,0.38461538461538464,0.38461538461538464,0.7702034918076923,27,26,False,False,False,False,False,True,False,False,False,False,False,False,False,False,False,3
pFwkJrpDwn0,0.5596330275229358,0.08256880733944955,0.3577981651376147,0.7489744337247707,81,109,False,False,False,False,False,False,False,True,False,False,False,False,False,False,False,5
pGqAt22m3Ck,0.25675675675675674,0.28378378378378377,0.4594594594594595,0.7154194733040541,6411,148,False,False,False,False,False,False,False,False,False,False,False,False,False,False,True,8
pKbr1LhfxXM,0.1891891891891892,0.21621621621621623,0.5945945945945946,0.700774364054054,1114,74,False,False,False,False,False,False,False,False,False,False,False,False,True,False,False,1
pOS5ok2z-rw,0.2857142857142857,0.2932330827067669,0.42105263157894735,0.7749024653759399,35,133,False,False,False,False,False,False,False,False,False,False,True,False,False,False,False,2
pPJfWhtzfbY,0.15476190476190477,0.08928571428571429,0.7559523809523809,0.7458061125416667,22,168,False,False,False,True,False,False,False,False,False,False,False,False,False,False,False,11
pmvfXoyGeys,0.8666666666666667,0.03333333333333333,0.1,0.9112315395666666,199,60,False,False,False,False,False,False,False,True,False,False,False,False,False,False,False,5
pnf5SJpRThI,0.14736842105263157,0.45263157894736844,0.4,0.6871988100473685,921,190,False,False,False,False,False,False,False,False,False,False,False,False,False,False,True,8
ppS6QMI5p88,0.29239766081871343,0.24561403508771928,0.4619883040935672,0.741572449754386,17,171,False,False,False,False,False,False,False,False,True,False,False,False,False,False,False,6
qD-_C4rEDDk,0.14912280701754385,0.23684210526315788,0.6140350877192983,0.7396671900350876,26,114,False,False,False,False,False,True,False,False,False,False,False,False,False,False,False,3
qJtiRhn7N7U,0.2692307692307692,0.17307692307692307,0.5576923076923077,0.724522272576923,558,104,False,False,False,False,False,False,False,False,False,False,True,False,False,False,False,2
qMzO9lL81Cw,0.4752475247524752,0.12871287128712872,0.39603960396039606,0.7666743256336634,28,101,False,False,False,False,False,False,False,False,False,False,False,False,False,True,False,4
qU6bxRPltkk,0.5294117647058824,0.0392156862745098,0.43137254901960786,0.8040080058529412,87,102,False,False,False,False,False,False,False,False,False,False,False,False,False,False,True,8
qWAQ4jy9sbg,0.12258064516129032,0.2064516129032258,0.6709677419354839,0.7098661992193549,15,155,False,False,False,False,False,False,False,False,False,False,False,False,False,True,False,4
qhCBqPwGXJo,0.152317880794702,0.3443708609271523,0.5033112582781457,0.6742542524172185,16516,151,False,False,False,False,False,False,False,False,False,False,True,False,False,False,False,2
qoS29UJQ4SY,0.26666666666666666,0.2,0.5333333333333333,0.771192960225,195,120,False,True,False,False,False,False,False,False,False,False,False,False,False,False,False,7
rNcMFBHikKc,0.14285714285714285,0.1360544217687075,0.7210884353741497,0.715601886,12,147,False,False,False,False,False,False,False,False,False,False,False,False,False,True,False,4
rRBA5U2EVg8,0.46153846153846156,0.3076923076923077,0.23076923076923078,0.7527182605384616,76,13,False,False,False,False,False,False,False,False,False,False,False,False,False,True,False,4
rbyud9N4zPM,0.46017699115044247,0.1504424778761062,0.3893805309734513,0.7904686220796461,111,113,False,False,False,False,False,False,False,False,False,False,True,False,False,False,False,2
rdJ2JW9kY8w,0.36666666666666664,0.26666666666666666,0.36666666666666664,0.721108674,1811,30,False,False,False,False,False,False,False,False,False,False,False,False,False,True,False,4
rmBlLtj1oqs,0.4835164835164835,0.04395604395604396,0.4725274725274725,0.7699139477912087,115,91,False,False,False,False,False,True,False,False,False,False,False,False,False,False,False,3
rpS_ajZ6ZuY,0.15894039735099338,0.2781456953642384,0.5629139072847682,0.6943407895629139,27,151,False,False,False,False,False,False,False,False,False,False,False,False,False,True,False,4
rwPD5_k_oQE,0.4166666666666667,0.14166666666666666,0.44166666666666665,0.7613273583000001,3246,120,False,False,False,False,False,True,False,False,False,False,False,False,False,False,False,3
rzFKuRWktCo,0.2,0.3621621621621622,0.43783783783783786,0.7005105873945945,29,185,False,True,False,False,False,False,False,False,False,False,False,False,False,False,False,7
sA_FtB4Etlg,0.3284671532846715,0.29927007299270075,0.3722627737226277,0.7445526001313869,1018,137,False,False,False,False,False,False,False,False,False,False,False,False,False,True,False,4
sBJT1BpOcvg,0.5102040816326531,0.10204081632653061,0.3877551020408163,0.8195124700816326,230,49,False,False,False,False,False,False,False,True,False,False,False,False,False,False,False,5
sMSFmnKGqqw,0.24427480916030533,0.13740458015267176,0.6183206106870229,0.7082048461374045,135,131,False,False,False,False,False,False,False,False,False,False,False,False,False,True,False,4
sgwcjPc6Niw,0.2,0.2,0.6,0.7960030554,12,5,False,False,False,False,False,False,False,False,False,False,True,False,False,False,False,2
shinC26GQe0,0.3466666666666667,0.16,0.49333333333333335,0.75791840636,2481,75,False,False,False,False,False,False,False,False,False,False,False,False,False,True,False,4
szeXkBYq5HU,0.09574468085106383,0.05319148936170213,0.851063829787234,0.8513819996968085,597,188,False,False,False,False,False,False,False,True,False,False,False,False,False,False,False,12
t75FH_uZVDw,0.152,0.104,0.744,0.7251853275360001,22,125,False,False,False,False,False,True,False,False,False,False,False,False,False,False,False,3
tNqiCFA6jQI,0.14606741573033707,0.33146067415730335,0.5224719101123596,0.7335604743988763,12,178,False,False,True,False,False,False,False,False,False,False,False,False,False,False,False,0
toslGs6CyyA,0.05,0.35,0.6,0.7474716067,931,20,False,False,False,False,False,True,False,False,False,False,False,False,False,False,False,3
tud6nPIXoBw,0.2231404958677686,0.17355371900826447,0.6033057851239669,0.715601138553719,2328,121,False,False,False,False,False,False,False,False,False,False,False,False,False,True,False,4
tvNV2MweDJ0,0.2857142857142857,0.0,0.7142857142857143,0.8067786864285714,1,7,False,False,True,False,False,False,False,False,False,False,False,False,False,False,False,0
uAPfL0D2J6Y,0.184,0.088,0.728,0.737633475328,20,125,False,False,False,False,False,False,False,False,False,False,True,False,False,False,False,2
uF0nXhrhxSA,0.06806282722513089,0.7068062827225131,0.225130890052356,0.7344209428743456,6343,191,False,True,False,False,False,False,False,False,False,False,False,False,False,False,False,7
uF6BzEmhwIM,0.8632478632478633,0.042735042735042736,0.09401709401709402,0.9069991794615385,53,117,False,False,False,False,False,False,False,False,False,False,True,False,False,False,False,5
uJOZrdwWTgY,0.2803030303030303,0.4090909090909091,0.3106060606060606,0.7656196610681818,10,132,False,False,False,False,False,False,False,False,False,False,False,True,False,False,False,12
uOQcmm0xDuI,0.3442622950819672,0.2459016393442623,0.4098360655737705,0.7749059654262296,1324,61,False,False,False,False,False,False,False,False,False,False,True,False,False,False,False,2
uSB31IYPPQA,0.3333333333333333,0.3333333333333333,0.3333333333333333,0.7933558223333333,0,3,False,False,False,False,False,True,False,False,False,False,False,False,False,False,False,3
unsIepiNNG0,0.29936305732484075,0.18471337579617833,0.5159235668789809,0.7415512800191083,3855,157,False,False,False,True,False,False,False,False,False,False,False,False,False,False,False,11
uvG-WToQfU4,0.2391304347826087,0.21195652173913043,0.5489130434782609,0.7022471661304348,33,184,False,False,False,True,False,False,False,False,False,False,False,False,False,False,False,11
v4H2fTgHGuc,0.2802197802197802,0.3076923076923077,0.41208791208791207,0.7179541954945056,601,182,False,False,False,False,False,False,False,False,False,False,False,False,True,False,False,1
vMlTeFcIH7M,0.4380165289256198,0.1487603305785124,0.4132231404958678,0.7762664046363636,55,121,False,False,False,True,False,False,False,False,False,False,False,False,False,False,False,11
vdZTio_6HF0,0.20512820512820512,0.19658119658119658,0.5982905982905983,0.7240350788888889,14,117,False,False,False,False,False,False,False,False,False,False,True,False,False,False,False,2
vj9XngP5MWY,0.7525773195876289,0.12371134020618557,0.12371134020618557,0.8606606743195877,128,97,False,False,False,False,False,False,False,False,False,False,True,False,False,False,False,5
w53iUifflH4,0.6363636363636364,0.09090909090909091,0.2727272727272727,0.8290161923636364,20,11,False,False,False,True,False,False,False,False,False,False,False,False,False,False,False,11
w5HwVBJX6QY,0.28695652173913044,0.14782608695652175,0.5652173913043478,0.781279625826087,887,115,False,False,False,False,False,False,False,False,False,False,True,False,False,False,False,2
wAZ24Vt7Yuk,0.7,0.05,0.25,0.83194158078,17,100,False,False,False,False,False,False,False,False,False,False,False,False,False,True,False,4
wESlpIeoO4U,0.7321428571428571,0.08928571428571429,0.17857142857142858,0.8382152419821428,150,56,False,False,False,False,False,False,False,False,False,False,True,False,False,False,False,5
wIYD42DV3Ro,0.5614035087719298,0.11695906432748537,0.3216374269005848,0.7625010862046785,95,171,False,False,False,False,False,False,False,False,False,False,False,False,False,True,False,4
wNxbM2i4ILM,0.7727272727272727,0.045454545454545456,0.18181818181818182,0.9104165081818182,46,22,False,False,True,False,False,False,False,False,False,False,False,False,False,False,False,12
wOoB98ywfSI,0.23711340206185566,0.20618556701030927,0.5567010309278351,0.7172361058969072,873,97,False,False,False,False,False,False,False,True,False,False,False,False,False,False,False,5
wQHlRZp42Q8,0.3235294117647059,0.16176470588235295,0.5147058823529411,0.7469593895661765,17,136,False,False,False,False,False,False,False,True,False,False,False,False,False,False,False,5
wca-4ZYO53U,0.625,0.05,0.325,0.83430173325,184,40,False,False,False,False,False,False,False,False,False,False,False,False,False,False,True,8
wl7sglT1Mto,0.5536723163841808,0.14689265536723164,0.2994350282485876,0.8033339170508476,73,177,False,False,False,False,False,False,False,False,False,False,False,False,False,False,True,8
wrJsExM8D-o,0.1871345029239766,0.38011695906432746,0.4327485380116959,0.7061043967485381,509,171,False,False,False,False,False,False,False,False,False,False,False,False,True,False,False,1
wycU5lF_DP8,0.17177914110429449,0.2883435582822086,0.5398773006134969,0.7105517478834356,24,163,False,False,False,False,False,True,False,False,False,False,False,False,False,False,False,3
x4nhh5Uy7-8,0.09174311926605505,0.3853211009174312,0.5229357798165137,0.7062366285045871,42,109,False,False,False,False,False,False,False,False,False,False,True,False,False,False,False,2
xNvbjNiejb4,0.189873417721519,0.2468354430379747,0.5632911392405063,0.7262700375316455,58,158,False,False,False,False,False,False,False,False,False,False,True,False,False,False,False,2
xUfVnmu1vuA,0.24293785310734464,0.3389830508474576,0.4180790960451977,0.7242533599604519,46,177,False,False,False,False,False,False,False,False,False,False,False,False,False,True,False,4
xiv6IE915nc,0.25301204819277107,0.27710843373493976,0.46987951807228917,0.7183480115903614,9840,166,False,False,False,False,False,False,False,False,False,False,False,False,True,False,False,1
xjcwzaj1Pyc,0.7215189873417721,0.08860759493670886,0.189873417721519,0.8918046121898733,1739,79,False,False,False,False,False,False,False,True,False,False,False,False,False,False,False,5
xpDqDfFjyRA,0.3076923076923077,0.3076923076923077,0.38461538461538464,0.8013966724615386,166,13,False,False,False,False,False,True,False,False,False,False,False,False,False,False,False,3
y0ClpmMtSQs,0.2403846153846154,0.3557692307692308,0.40384615384615385,0.74561048275,18,104,False,False,False,True,False,False,False,False,False,False,False,False,False,False,False,11
y6mTgX03Va0,0.32075471698113206,0.2358490566037736,0.44339622641509435,0.7495511444528302,35,106,False,False,False,True,False,False,False,False,False,False,False,False,False,False,False,11
y8E0_sW8I9k,0.16541353383458646,0.03007518796992481,0.8045112781954887,0.7860524159097745,8,133,False,False,False,False,False,False,False,False,False,False,False,False,True,False,False,1
yDEgOMYjqd4,0.2,0.32,0.48,0.7346374590320001,66,125,False,False,False,False,False,False,False,False,False,False,True,False,False,False,False,2
yNrMNfFIlTQ,0.52,0.136,0.344,0.768666851296,40,125,False,False,False,False,False,False,False,False,False,False,True,False,False,False,False,2
yOWpUQ5vFwI,0.5757575757575758,0.0,0.42424242424242425,0.7858714866969697,154,33,False,False,True,False,False,False,False,False,False,False,False,False,False,False,False,0
yhCcdUC-L6k,0.4166666666666667,0.08333333333333333,0.5,0.8416164665833333,64,12,False,False,False,False,False,False,True,False,False,False,False,False,False,False,False,9
yryR72-vV_g,0.07738095238095238,0.5714285714285714,0.35119047619047616,0.7624423117321428,420,168,False,False,False,False,False,False,False,False,True,False,False,False,False,False,False,6
yz4Fe7-oJXI,0.14173228346456693,0.30708661417322836,0.5511811023622047,0.7068038897322835,5,127,False,False,False,False,False,False,False,False,False,False,True,False,False,False,False,2
zDFYIDHl6ZI,0.2465753424657534,0.4041095890410959,0.3493150684931507,0.7385903645616438,1311,146,False,False,False,True,False,False,False,False,False,False,False,False,False,False,False,11
zDZFcDGpL4U,0.2695035460992908,0.36879432624113473,0.3617021276595745,0.7565950165957447,247,141,False,False,False,False,False,False,False,False,True,False,False,False,False,False,False,6
zOHgPHzxu0o,0.24050632911392406,0.24050632911392406,0.5189873417721519,0.7354783963164557,310,79,False,False,False,False,False,False,False,False,False,False,True,False,False,False,False,2
zR_IarVr2AI,0.21311475409836064,0.36065573770491804,0.4262295081967213,0.7472509825409835,27,122,False,False,False,False,False,False,False,False,False,False,True,False,False,False,False,2
